customer_id,name,email,age,gender
08254,Janet Chan,kyle65@example.com,68,Female
08292,Christina Crane,alyssaosborne@example.com,68,Male
00057,Alison Ford,mcgeebrandon@example.org,69,Male
00158,Nancy Moore,shayden@example.net,69,Male
00239,Christopher Henderson,diazjulie@example.net,69,Female
00254,Alexis Lynn,dawsontami@example.com,69,Female
00269,Dennis Miller,ytownsend@example.net,69,Female
00327,Charles Brooks,hannah12@example.org,69,Male
00405,Tony Marsh,wmorris@example.org,69,Male
00438,Timothy Holder,vrichardson@example.net,69,Female
00518,Zachary Brandt,zgallagher@example.com,69,Male
00549,Erika Villanueva,traci82@example.org,69,Other
00584,Jacob Howard,michael40@example.net,69,Female
00600,Candace Taylor,richardspencer@example.net,69,Other
00608,Laura Barnett,cameronvargas@example.net,69,Male
00650,Tabitha Potter,brandon31@example.net,69,Female
00704,Edward Gomez,cunninghamkevin@example.net,69,Male
00844,Patricia Wilson,badams@example.com,69,Female
00853,Anna Miller,michelle37@example.net,69,Female
00863,Donna Barker,erica71@example.com,69,Male
00894,Shane Mata,usilva@example.com,69,Female
00956,Melissa Anderson,greenejose@example.com,69,Other
01021,Michelle White,nmcdowell@example.com,69,Male
01036,Casey Goodwin,johnsonwilliam@example.org,69,Female
01247,Mark Hart,george47@example.com,69,Female
01326,Nicholas Smith,mathewfisher@example.com,69,Female
01347,Gabriel Johnson,kwebster@example.com,69,Male
01352,Deborah Nelson,richardharris@example.org,69,Other
01444,John Brown,maxwellrobinson@example.org,69,Male
01493,Daniel Price,smithmichael@example.net,69,Female
01503,Betty Norton,watsonbrian@example.org,69,Male
01657,Amanda Garrison,elizabeth03@example.org,69,Other
01661,Richard Leonard,carolynwhite@example.net,69,Male
01744,Grace Lambert,carterpaula@example.net,69,Male
01750,Edward French,lauraholloway@example.org,69,Other
01789,Warren Gallagher,edwinwarren@example.net,69,Male
01801,Darlene Thompson,arthur50@example.com,69,Male
01805,Charles Kelly,williamstewart@example.com,69,Male
01921,Matthew Evans,burnsadam@example.com,69,Other
01934,Kayla Holland,mathewhartman@example.net,69,Male
01979,Alyssa Lucas,william55@example.net,69,Female
02101,Grace Patrick,smorgan@example.net,69,Other
02142,Kathleen Brown,umccoy@example.net,69,Female
02260,Sean Dillon,elizabeth14@example.com,69,Male
02272,Valerie Kane,lindsey36@example.org,69,Female
02380,Jorge Pena,justinkrause@example.net,69,Other
02390,Ana Salazar,caitlin38@example.net,69,Female
02400,Jennifer Ramirez,martinezmichelle@example.net,69,Other
02520,Ann Martinez,tamiadkins@example.com,69,Female
02587,Justin Rice,anthonyshort@example.com,69,Female
02613,Teresa Baker,tmiller@example.org,69,Female
02659,Deborah Brooks,diana15@example.net,69,Female
02661,Dominique Heath,allisonjason@example.com,69,Other
02691,Erin Coleman,mlopez@example.com,69,Male
02753,Vincent Thompson,kimberlylawrence@example.org,69,Other
02770,Crystal Hale,davidhunter@example.net,69,Male
02856,Victoria Arroyo,lolson@example.net,69,Female
02872,Shawn Daniels,eschmidt@example.net,69,Male
02907,Bradley Graham,williamsdonna@example.com,69,Female
02923,Laura Marsh,timothy53@example.net,69,Female
02992,Catherine Marquez,traceyjohnson@example.com,69,Female
03084,William Thomas,elizabethsmith@example.com,69,Male
03130,Kelly Murray,hayley71@example.com,69,Male
03145,Mrs. Kathleen Gonzales,kimkaren@example.org,69,Male
03238,Michael Fuentes,esmith@example.org,69,Other
03269,Richard Sharp,ihall@example.org,69,Male
03419,Sarah Odonnell,reevessusan@example.com,69,Other
03424,Jessica Burke,nathanielgrant@example.org,69,Male
03428,Heather Russell,ywalter@example.com,69,Female
03478,Rhonda Ellis,heidistewart@example.org,69,Male
03555,Joseph Mullins,rhonda73@example.net,69,Other
03571,Jason Kim,gonzalezmax@example.com,69,Other
03586,Amanda Perkins,joseph47@example.org,69,Female
03624,Kimberly Salazar,jacqueline14@example.net,69,Other
03698,Angie Mendoza,joshua99@example.org,69,Male
03731,Thomas Soto MD,jason52@example.net,69,Male
03756,Sherry Mills,freemanstephen@example.com,69,Male
03767,Elizabeth Williams,donna01@example.net,69,Female
03853,Julia Garcia,michael42@example.com,69,Female
04107,Tyler Reed,pharmon@example.net,69,Other
04290,David Rivera,normamarquez@example.net,69,Female
04352,Rebecca Smith,huffapril@example.com,69,Other
04414,Sarah Hawkins,ryanchaney@example.org,69,Male
04455,James Stein,scott98@example.com,69,Other
04737,Malik Montgomery,marshallbrandi@example.org,69,Male
04769,Curtis Huff,lauracruz@example.com,69,Other
04774,James Smith,debra98@example.net,69,Female
04782,Katherine Acosta,rsmith@example.net,69,Other
04906,Adam Silva,donaldgordon@example.com,69,Other
04926,Adam Howard,johnwatkins@example.com,69,Male
04965,Brandi Johnson,dbryant@example.net,69,Female
05107,Cassie Watson,mgardner@example.org,69,Male
05109,Caitlin Harper,christopher23@example.com,69,Female
05163,Christy Burke,itucker@example.com,69,Other
05217,Darryl Hunter,brett82@example.org,69,Other
05229,Melissa Garrett MD,carlosdavis@example.com,69,Other
05239,Jeffery Smith,freemanalan@example.com,69,Other
05250,Scott Wiggins,jamesthompson@example.com,69,Male
05291,Billy Logan,rware@example.org,69,Other
05333,Holly Allen,mccartytracy@example.org,69,Other
05574,Lauren Wiggins,ksmith@example.com,69,Other
05622,Joshua Quinn,greenejohn@example.net,69,Male
05663,John Sutton,jenniferthornton@example.com,69,Male
05689,Scott Mooney,mollydunlap@example.org,69,Male
05762,Erik Beasley,elizabeth10@example.com,69,Other
05777,Teresa Contreras,jameshill@example.net,69,Male
05782,Angel Briggs,lday@example.org,69,Female
05836,James Clark,ftorres@example.org,69,Female
05853,Miranda Roberts,robert52@example.com,69,Male
05879,Leah Fernandez,atkinsonmelissa@example.net,69,Male
05944,Michael Nichols,robertnguyen@example.com,69,Other
05979,Kristin Clark,priscillamoore@example.net,69,Other
05994,Daniel Brooks,swilson@example.org,69,Male
06109,Russell Martinez,huntercastro@example.org,69,Male
06143,Jay Moore,teresahoward@example.net,69,Other
06162,Phillip Perry,ritagray@example.org,69,Female
06318,Patricia Taylor,ihorn@example.com,69,Other
06332,Brandon Francis,scott94@example.org,69,Other
06353,Daniel Franklin,currytodd@example.net,69,Male
06367,Alejandra Hernandez,richardanderson@example.org,69,Female
06450,Amy Lara,taylor02@example.org,69,Female
06470,Luke Jennings,fhayes@example.org,69,Female
06483,Raymond Robinson,munozheidi@example.org,69,Female
06635,Alexander Garcia,vmurray@example.net,69,Female
06644,Christopher Ellis,christinerichards@example.net,69,Male
06710,David Levy,morrisonalex@example.com,69,Male
06779,Michael Mcgee,adamsfrank@example.net,69,Female
06808,Douglas Griffith,brian07@example.com,69,Male
06835,Stephanie Thomas,jamesward@example.org,69,Other
06840,Jordan Shaffer,nlogan@example.org,69,Female
06874,Dorothy Williams,petersenlinda@example.org,69,Other
06900,Debbie West,kellercandice@example.net,69,Male
07038,Valerie Burnett,ostewart@example.com,69,Other
07094,Stephanie Boyer,browntiffany@example.com,69,Female
07113,Nathan Woods,sandovalkristen@example.com,69,Male
07178,Miranda Pacheco,robinsonalexis@example.org,69,Female
07209,Richard Ford,brandipowers@example.com,69,Male
07323,Calvin Brown,frycameron@example.org,69,Other
07370,Megan Brock,ehill@example.net,69,Other
07467,Jeremiah Jones,elizabethgomez@example.net,69,Male
07471,Mark Moreno,kward@example.org,69,Male
07472,Daniel Moran,todd16@example.com,69,Male
07604,Peter Chandler,amckinney@example.net,69,Female
07620,Dr. Dana Brown,rmartinez@example.org,69,Female
07630,Brianna Smith,crystal14@example.org,69,Other
07672,Shelia Carr,lgarcia@example.com,69,Female
07734,Steven Cross,amymitchell@example.org,69,Male
07737,Paul Mcbride,cruzdavid@example.com,69,Female
07741,Robert Coleman,markmason@example.net,69,Female
07746,Melanie Goodwin,seanperez@example.com,69,Female
07809,Elizabeth Solomon,jamesgalloway@example.com,69,Female
07820,Tracy Nguyen,robert60@example.org,69,Male
07852,Joe Browning,boydcorey@example.org,69,Female
07910,Daniel Murphy,jacobsdanielle@example.org,69,Other
08003,Kimberly Paul,williammurphy@example.net,69,Female
08096,Erica Burton,ericthomas@example.com,69,Female
08105,Sarah Romero,holly57@example.net,69,Female
08119,Melissa Mills,wileyjaime@example.com,69,Male
08126,Stacey Blackburn,stephen39@example.com,69,Female
08133,Kathleen Gallegos,carol80@example.org,69,Female
08151,Emily Cochran,halleric@example.com,69,Other
08163,Mrs. Judith Gordon,xdoyle@example.net,69,Male
08246,Allison Hartman,lisa70@example.com,69,Female
08260,Tyler Obrien,tammymoss@example.org,69,Male
08268,Erin Reed,victorwhite@example.com,69,Female
08288,Brandi Willis,tayloralison@example.com,69,Female
00191,Regina Castillo,smithterri@example.com,70,Other
00221,Jacqueline Weaver,julie53@example.com,70,Female
00323,Cindy Hale,nicole58@example.com,70,Male
00351,Ryan Murillo,coopermaria@example.org,70,Other
00485,Carrie Wise,coopergloria@example.net,70,Female
00498,Darrell Cook,theresa00@example.net,70,Male
00571,Levi Valencia,guzmanlindsey@example.com,70,Female
00623,Juan Hayes,mmckee@example.org,70,Male
00712,Dawn Jones,tkemp@example.org,70,Other
00720,Beth Watson,umorris@example.com,70,Male
00730,David Anderson,sanderskatie@example.com,70,Other
00839,Jennifer Foley,zsolis@example.net,70,Other
01126,Jesus Snyder,ashleythompson@example.com,70,Other
01327,Curtis Pearson,lopezbarbara@example.net,70,Male
01522,Alexandra Flores,hyoung@example.org,70,Other
01574,Michael Knight,francokimberly@example.com,70,Female
01678,Robert Luna,candaceriggs@example.com,70,Female
01808,Roberto Mckinney,zcox@example.org,70,Male
01880,Jennifer Jordan,smartinez@example.org,70,Other
01941,Mrs. Danielle Johnson,tdunn@example.net,70,Female
02022,George Frey,evanstony@example.org,70,Other
02211,Lynn Pruitt,kristinramirez@example.net,70,Male
02236,Paul Davis,kwolf@example.org,70,Other
02249,Amanda Hall DDS,xfranklin@example.org,70,Male
02276,Edward Kline,johnnymartinez@example.com,70,Male
02453,Lori Hoffman,kristina31@example.org,70,Male
02530,Travis Anderson,lewisroy@example.org,70,Female
02580,Dr. Katelyn Gonzalez PhD,ilee@example.net,70,Male
02692,Christopher Shelton,briana26@example.net,70,Female
02707,Brandon May,careyjay@example.com,70,Other
02714,Toni Eaton,hwilson@example.org,70,Female
02719,Kevin Hunter,joyce48@example.net,70,Female
02780,Jennifer White,michaelparker@example.org,70,Other
02798,Terry Sims,zbarrera@example.com,70,Male
02829,Randy Jacobson,gordondominic@example.net,70,Male
02830,Amanda Hartman,ybradley@example.com,70,Other
02845,Maurice Love,andersonerin@example.com,70,Other
02893,John Santana,james89@example.com,70,Female
02899,David Clarke,tracyrollins@example.org,70,Other
02933,Wanda Martinez,wilsonbrooke@example.org,70,Other
02937,Jason Medina,nchristian@example.com,70,Female
03045,Karen Hammond,shellyedwards@example.net,70,Male
03106,Sean Ortega,simslydia@example.org,70,Female
03108,Anthony Morrison,diane47@example.net,70,Other
03203,Joann Hawkins,luis02@example.com,70,Other
03301,Scott Black,murphypaul@example.net,70,Female
03358,William Aguilar,vazquezjoseph@example.com,70,Female
03454,Joseph Martin,greenechristina@example.net,70,Female
03601,Lauren Baker,gonzalezgavin@example.com,70,Female
03658,Dale Finley,peterboyd@example.com,70,Other
03664,Shannon Freeman,carrwilliam@example.org,70,Female
03711,Aaron Henry,willisjason@example.org,70,Other
03763,Kristina Baldwin,ubates@example.org,70,Male
03789,William Kennedy,steven38@example.org,70,Other
03839,Shannon Wade,jefferyrivera@example.org,70,Female
03842,Jeffery Chase,vking@example.org,70,Male
03868,George Neal,wendy13@example.org,70,Female
04012,Veronica Thomas,phillippoole@example.org,70,Female
04033,Nicholas Stanton,annahayes@example.com,70,Male
04055,Steven Rodriguez,spatton@example.net,70,Male
04073,Kirsten Pruitt,crystal13@example.com,70,Male
04089,Terry Kelley,andersonlisa@example.com,70,Other
04101,Michael Mcgee,marc06@example.com,70,Other
04178,Jennifer Jones,kellyflores@example.org,70,Male
04196,Lori Perez,malonejames@example.org,70,Female
04233,Bryan Blair,walkermadison@example.com,70,Female
04250,Amy Sanchez,gonzalezkevin@example.com,70,Male
04396,Jennifer Bowen,sandra63@example.net,70,Female
04494,Jeffrey Porter,opatterson@example.org,70,Female
04515,Caleb Hoffman,cynthiabrown@example.net,70,Male
04551,Stuart White,mary70@example.net,70,Male
04593,Mrs. Jennifer Dunn,joel62@example.net,70,Female
04622,Stephanie Buckley,kayleecampbell@example.com,70,Female
04730,Kevin Harris,travis24@example.org,70,Other
04765,Jonathan Knight,zross@example.com,70,Female
04830,Karen Brewer,danielatkinson@example.com,70,Male
04885,Natasha Koch,barrynorman@example.net,70,Male
04929,Tammy Hernandez,mackenzie60@example.org,70,Male
04958,Barbara Rogers,grahamjoseph@example.org,70,Male
04991,Johnny Carson,wmcpherson@example.net,70,Male
04995,Joanne Andersen,penamallory@example.org,70,Female
04999,Caitlin Hughes DDS,emilyvasquez@example.org,70,Male
05223,Maria Mejia,milleralyssa@example.com,70,Other
05242,Christina Bishop,ana12@example.com,70,Other
05304,Kerri Murphy,richardconley@example.org,70,Female
05386,Brandon Russell,vincentlopez@example.com,70,Male
05399,Denise Dudley,gina55@example.com,70,Female
05460,Casey Nguyen,trevor37@example.com,70,Other
05479,Brandon Hernandez,coxjanet@example.org,70,Other
05512,Joseph Meyers,kennethbrady@example.com,70,Male
05543,Evan Hill,kerrychoi@example.com,70,Female
05561,Stephanie Ortega,panderson@example.net,70,Other
05568,Katrina Horne,sherryandersen@example.org,70,Male
05586,Kimberly Baker,lpeters@example.net,70,Female
05659,Jennifer Morris,sarahthornton@example.org,70,Male
05660,Kimberly Porter,eross@example.org,70,Other
05731,Joshua Brown,danielcurtis@example.org,70,Male
05765,Jessica Bentley,cordovaruth@example.net,70,Female
05780,Isabella Lewis,cindy54@example.com,70,Other
05833,Sara Cortez,kyle89@example.com,70,Female
05873,Jeffery Rodgers,adamperez@example.net,70,Other
05916,Victoria Simmons,washingtonchristian@example.net,70,Other
05999,Michele Bentley,tristanrussell@example.org,70,Other
06012,Jacob Wilson,jennifer71@example.net,70,Male
06121,Michelle Barrett,hubbardjohn@example.net,70,Male
06130,Johnathan Kelley,steven65@example.org,70,Male
06154,Sara Bell,jennahendricks@example.org,70,Female
06177,Nicole Scott,freemanaaron@example.com,70,Other
06182,Melissa Kirby,marywalker@example.net,70,Male
06363,Terri Bartlett,lleonard@example.com,70,Other
06402,Robert Malone,george15@example.net,70,Male
06404,Brian Ross,juliawilliams@example.org,70,Female
06415,Eileen Hart,foxkelly@example.com,70,Other
06424,Kathleen Miller,yrivera@example.com,70,Other
06538,Mark Murray,sara83@example.org,70,Female
06576,Matthew Oconnell,michaelmooney@example.com,70,Other
06641,Mark Davis,uwilson@example.net,70,Male
06653,Tiffany Gonzales,michael31@example.org,70,Other
06720,Marcus Kerr,sarah27@example.org,70,Other
06726,John Lara,lortiz@example.net,70,Other
06793,Jessica Lucero,davidellis@example.com,70,Other
06819,Jessica Erickson,amberbarajas@example.com,70,Male
06893,Christian Smith,sprice@example.org,70,Male
06942,Leon Bass,sharonsmith@example.net,70,Male
06947,Brittney Jordan,tnelson@example.net,70,Female
06984,Nicole Gates,tyleremily@example.net,70,Female
06987,Wanda Smith,kimberlyvega@example.com,70,Female
07084,Keith Lopez,jonesdonald@example.org,70,Male
07168,Linda Evans,jessicagibson@example.net,70,Other
07169,Michelle Fischer,stanley61@example.org,70,Female
07188,James Forbes,clarkjenna@example.com,70,Male
07191,Christopher Shaw,dmorales@example.net,70,Other
07200,Richard Gross,tserrano@example.com,70,Male
07216,Sandra Hahn MD,allison34@example.org,70,Male
07231,Dana Walker,wroberts@example.com,70,Male
07259,Spencer Harris,hughescourtney@example.com,70,Male
07422,Alexandria Burke,williamsmarvin@example.net,70,Other
07481,Charles Callahan,courtneysingh@example.com,70,Female
07516,Richard Stephens,brookskelli@example.net,70,Male
07638,Cynthia Jones,jessicaortega@example.com,70,Male
07681,Dr. Logan Mayo V,cynthiawolfe@example.com,70,Male
07702,Michael Rhodes,tanya29@example.org,70,Other
07751,Emily Tyler,john04@example.org,70,Male
07817,Amanda Jenkins,kathryn40@example.com,70,Male
07946,Carlos Herman,james71@example.org,70,Female
07965,Alexa Wilson,veronicawilson@example.org,70,Male
07989,Luis Dennis,kristen63@example.net,70,Female
07991,Frank Mcdonald,karenhoffman@example.net,70,Female
08016,Amanda Potter,garyandrews@example.com,70,Other
08019,Melissa Mueller,lambertderrick@example.org,70,Male
08100,Raymond Neal,jeffrey97@example.com,70,Female
08113,Evan Mckenzie,calderonjoseph@example.net,70,Other
08257,Michael Brooks,raymond70@example.org,70,Female
08285,Yolanda Miller,ggg@usc.edu,43,Male
